School.Institute.Center,Department.Group,Category,Pattern
Alfred E. Mann School of Pharmacy and Pharmaceutical Sciences,Ginsburg Institute for Biomedical Therapeutics,Academic,Institute for Biomedical Therapeutics
Alfred E. Mann School of Pharmacy and Pharmaceutical Sciences,Pharmaceutical and Health Economics,Academic,Pharmaceutical and Health Economics
Alfred E. Mann School of Pharmacy and Pharmaceutical Sciences,Pharmacology and Pharmaceutical Sciences,Academic,(Pharmacology (&|and) Pharmaceutical Sciences?|Master of Science Molecular Pharmacology and Toxicology)
Alfred E. Mann School of Pharmacy and Pharmaceutical Sciences,Regulatory and Quality Sciences,Academic,Regulatory (&|and) Quality Sciences
Alfred E. Mann School of Pharmacy and Pharmaceutical Sciences,Southern California Clinical and Translational Science Institute (SC CTSI),Academic,Southern California Clinical and Translational (Science )?Institute
Alfred E. Mann School of Pharmacy and Pharmaceutical Sciences,Titus Family Department of Clinical Pharmacy,Academic,Clinical Pharmacy
Annenberg School for Communication and Journalism,Center for Public Relations,Academic,Center for Public Relations
Annenberg School for Communication and Journalism,Center for the Digital Future,Academic,Center for the Digital Future
Annenberg School for Communication and Journalism,Center on Public Diplomacy,Academic,Center (for|on) Public Diplomacy
Annenberg School for Communication and Journalism,Norman Lear Center,Academic,Norman Lear Center
Annenberg School for Communication and Journalism,School of Communication,Academic,School of Communication
Annenberg School for Communication and Journalism,School of Journalism,Academic,School of Journalism
Chan Division of Occupational Science and Occupational Therapy,Keck-Rancho Los Amigos National Rehabilitation Center,Academic,Keck-Rancho Los Amigos National Rehabilitation Center
Dornsife College of Letters Arts and Sciences,American Language Institute,Academic and Administrative,(Global Initiatives|American Language Institute)
Dornsife College of Letters Arts and Sciences,American Studies and Ethnicity,Academic,American Studies (&|and) Ethnicity
Dornsife College of Letters Arts and Sciences,Anthropology,Academic,Anthropology
Dornsife College of Letters Arts and Sciences,Art History,Academic,Art History
Dornsife College of Letters Arts and Sciences,Biological Sciences,Academic,(Department of Biological Sciences?|Marine (& |and )?Environmental Biology|Molecular (&|and) Computation(al)? Biology|Human (&|[aA]nd) Evolutionary Biology|(Department|Section) of Neurobiology|Department of Human Biology|Integrative Molecular Genetics and Biochemistry)
Dornsife College of Letters Arts and Sciences,Brain and Creativity Institute,Academic,Brain and Creativity Institute
Dornsife College of Letters Arts and Sciences,Bridge Institute,Academic,Bridge Institute
Dornsife College of Letters Arts and Sciences,Center for Advanced Genocide Research,Academic,Center for Advanced Genocide Research
Dornsife College of Letters Arts and Sciences,Center for Dark Energy Biosphere Investigations (C-DEBI),Academic,Community College Cultivation Cohort|Center for Dark Energy Biosphere Investigations
Dornsife College of Letters Arts and Sciences,Center for Economic and Social Research,Academic,(Center [fF]or Economic (&|and) Social Research|Center for Self-Report Science|Center for Social (&|and) Economic Research)
Dornsife College of Letters Arts and Sciences,Center for Quantum Information Science and Technology (CQIST),Academic,Center for Quantum Information Science (&|and) Technology
Dornsife College of Letters Arts and Sciences,Center of Excellence in NanoBiophysics,Academic,Center of Excellence in NanoBiophysics
Dornsife College of Letters Arts and Sciences,"Center on Science, Technology and the Public Life",Academic,Center on Science Technology and Public Life
Dornsife College of Letters Arts and Sciences,Chemistry,Academic,(Departments?|Dept\\.?) of Chemistry
Dornsife College of Letters Arts and Sciences,Classics,Academic,Department of Classics
Dornsife College of Letters Arts and Sciences,Comparative Literature,Academic,Department of Comparative Literature
Dornsife College of Letters Arts and Sciences,Convergent Science Institute in Cancer,Academic,Convergent Science Institute in Cancer
Dornsife College of Letters Arts and Sciences,Core Center of Excellence in Nano Imaging (CNI),Academic,Core Center of Excellence in Nano Imaging
Dornsife College of Letters Arts and Sciences,Dornsife Imaging Center,Academic,Dornsife Imaging Center
Dornsife College of Letters Arts and Sciences,Earth Sciences,Academic,Earth Sciences?
Dornsife College of Letters Arts and Sciences,East Asian Languages and Cultures,Academic,East Asian Languages? and Cultures
Dornsife College of Letters Arts and Sciences,East Asian Studies Center,Academic,East Asian Area Studies Program|East Asian Studies Center
Dornsife College of Letters Arts and Sciences,Economics,Academic,((Department|Dept\\.?) of Economics|Economics Department|Institute for New Economic Thinking)
Dornsife College of Letters Arts and Sciences,English,Academic,Department of English
Dornsife College of Letters Arts and Sciences,Environmental Studies,Academic,Environmental Studies
Dornsife College of Letters Arts and Sciences,Equity Research Institute (formerly PERE/CSII),Academic,Equity Research Institute|Program for Environmental and Regional Equity|Center for the Study of Immigrant Integration
Dornsife College of Letters Arts and Sciences,French and Italian,Academic,French and Italian
Dornsife College of Letters Arts and Sciences,Gender and Sexuality Studies,Academic,Gender (&|and) Sexuality Studies
Dornsife College of Letters Arts and Sciences,History,Academic,Department of History
Dornsife College of Letters Arts and Sciences,Humanities in a Digital World,Academic,(Humanities in a Digital World|Digital World Program)
Dornsife College of Letters Arts and Sciences,Huntington-USC Institute on California and the West,Academic,Huntington-?USC Institute on California and the West
Dornsife College of Letters Arts and Sciences,Jewish Studies,Academic,Jewish Studies
Dornsife College of Letters Arts and Sciences,Joint Educational Project,Academic and Administrative,Joint Educational Project
Dornsife College of Letters Arts and Sciences,Korean Studies Institute,Academic,Korean Studies Institute
Dornsife College of Letters Arts and Sciences,Latin American and Iberian Cultures,Academic,Latin American [aA]nd Iberian Cultures
Dornsife College of Letters Arts and Sciences,Latinx and Latin American Studies Center,Academic,Latinx and Latin American Studies Center
Dornsife College of Letters Arts and Sciences,Linguistics,Academic,Linguistics
Dornsife College of Letters Arts and Sciences,Mathematics,Academic,Department of Mathematics
Dornsife College of Letters Arts and Sciences,"Max Kade Institute for Austrian, Swiss and German Studies",Academic,Kade Institute|Austrian Swiss and German Studies
Dornsife College of Letters Arts and Sciences,Middle East Studies,Academic,Middle East Studies
Dornsife College of Letters Arts and Sciences,Mind and Society Center,Academic,Mind (&|and) Society Center
Dornsife College of Letters Arts and Sciences,Neuroscience,Academic,(Program in Neuroscience|Department of Neuroscience|Neuroscience Graduate Program)
Dornsife College of Letters Arts and Sciences,Philip K. Wrigley Marine Science Center,Academic,Wrigley Marine Science Center
Dornsife College of Letters Arts and Sciences,Philosophy,Academic,(Department|School) of Philosophy
Dornsife College of Letters Arts and Sciences,Physics and Astronomy,Academic,Physics (&|and) Astronomy|Department of Physics
Dornsife College of Letters Arts and Sciences,Political Science and International Relations,Academic,Department of Political Science and International Relations
Dornsife College of Letters Arts and Sciences,Psychology,Academic,Department of Psychology
Dornsife College of Letters Arts and Sciences,Public Exchange,Administrative,Public Exchange
Dornsife College of Letters Arts and Sciences,Quantitative and Computational Biology,Academic,Quantitative (&|and) Computational Biology|Computational Biology (&|and) Bioinformatics
Dornsife College of Letters Arts and Sciences,Religion,Academic,School of Religion
Dornsife College of Letters Arts and Sciences,Sea Grant Program,Academic,Sea Grant Program
Dornsife College of Letters Arts and Sciences,Slavic Languages and Literatures,Academic,Slavic Languages and Literatures?
Dornsife College of Letters Arts and Sciences,Society of Fellows in the Humanities,Academic,Society of Fellows
Dornsife College of Letters Arts and Sciences,Sociology,Academic,Sociology
Dornsife College of Letters Arts and Sciences,Southern California Earthquake Center,Academic and Administrative,Southern California Earthquake Center
Dornsife College of Letters Arts and Sciences,Spatial Sciences Institute,Academic,Spatial Sciences?( Institute)?|Spatial Data Science
Dornsife College of Letters Arts and Sciences,Visual Studies Research Institute,Academic,Visual Studies Research
Dornsife College of Letters Arts and Sciences,Writing Program,Academic,Writing Program
Ellison Institute for Transformative Medicine,Ellison Institute for Transformative Medicine,Academic,Ellison Institute for Transformative Medicine
Gould School of Law,Law Immigration Clinic,Academic,Law Immigration Clinic
Gould School of Law,Pacific Center for Health Policy and Ethics,Academic,Pacific Center for Health Policy and Ethics
Gould School of Law,"Saks Institute for Mental Health Law, Policy, and Ethics",Academic,Saks Institute for Mental Health Law Policy and Ethics
Herman Ostrow School of Dentistry of USC,Center for Craniofacial Molecular Biology,Academic,Center for Craniofacial Molecular Biology
Herman Ostrow School of Dentistry of USC,Chan Division of Occupational Science and Occupational Therapy,Academic,Chan Division|Musculoskeletal Sonography and Occupational Performance Lab|Neural Plasticity and Neurorehabilitation Lab
Herman Ostrow School of Dentistry of USC,Comprehensive Care,Academic,Comprehensive Care
Herman Ostrow School of Dentistry of USC,Division of Biokinesiology and Physical Therapy,Academic,Division of Biokinesiology|Clinical Biomechanics Orthopedic and Sports Outcomes Research|Clinical Exercise Research Center|Spine Physical Therapy Fellowship|Computational Neuro-Rehabilitation Lab|Human Performance Lab|Infant Neuromotor Control|Institute for Senior Golf Research|Institute for Therapeutic Golf Science|Motor Behavior and Neurorehabilitation Lab|Motor Development Lab|Musculoskeletal Biomechanics Research Lab
Herman Ostrow School of Dentistry of USC,Endodontics and Periodontics Department,Academic,Endodontics and Periodontics Department
Herman Ostrow School of Dentistry of USC,"Geriatrics, Special Needs and Behavioral Sciences",Academic,Department of Geriatrics Special Needs and Behavioral Sciences
Herman Ostrow School of Dentistry of USC,Operative Dentistry,Academic,Department of Operative Dentistry
Herman Ostrow School of Dentistry of USC,Oral and Maxillofacial Surgery,Academic and Administrative,Oral and Maxillofacial Surgery
Herman Ostrow School of Dentistry of USC,Orofacial Pain and Oral Medicine,Academic,Orofacial Pain and Oral Medicine
Herman Ostrow School of Dentistry of USC,Pediatric Dentistry and Orthodontics Department,Academic,Pediatric Dentistry and Orthodontics Department
Herman Ostrow School of Dentistry of USC,"Periodontology, Diagnostic Sciences and Dental Hygiene",Academic,"Periodontology, Diagnostic Sciences and Dental Hygiene"
Herman Ostrow School of Dentistry of USC,Prosthodontics,Academic,Prosthodontics
Herman Ostrow School of Dentistry of USC,Section of Infection and Immunity,Academic,Section of Infection and Immunity
"Human Resources, Equity and Compliance",WorkWell Center,Academic and Administrative,Center for Work & Family Life
Institute on Inequalities in Global Health,Institute on Inequalities in Global Health,Academic,Institute on Inequalities in Global Health
Keck Medicine of USC,Adolescent Trauma Training Center,Academic,Adolescent Trauma Training Center
Keck Medicine of USC,Alzheimer Disease Research Center,Academic,Alzheimer['’]?s? Disease Research Center
Keck Medicine of USC,Alzheimer's Therapeutic Research Institute,Academic,Alzheimer['’]?s? Therapeutic Research Institute
Keck Medicine of USC,Anesthesiology,Academic,Anesthesiology
Keck Medicine of USC,Biochemistry and Molecular Medicine,Academic,Biochemistry (&|and) Molecular Medicine
Keck Medicine of USC,Biomedical Sciences,Academic,Biomedical Sciences
Keck Medicine of USC,Center for Genetic Epidemiology,Academic,Center for Genetic Epidemiology
Keck Medicine of USC,Center for Health Equity in the Americas,Academic,Center for Health Equity in the Americas
Keck Medicine of USC,Center for Integrative Connectomics,Academic,Center for Integrative Connectomics
Keck Medicine of USC,Children's Hospital Los Angeles,Academic and Administrative,Children['’]s Hospital (of )?Los Angeles|Children['’]s Hospital|CHLA|Laboratory of Applied Pharmacokinetics|Institute for Nursing and Interprofessional Research|University Center of Excellence in Developmental Disabilities|Saban Research Institute
Keck Medicine of USC,Dermatology,Academic,Dermatology
Keck Medicine of USC,Diabetes and Obesity Research Institute,Academic,Diabetes (&|and) Obesity Research Institute
Keck Medicine of USC,Emergency Medicine,Academic,Department of Emergency Medicine|Navy Trauma Training Center
Keck Medicine of USC,Family Medicine,Academic,Family Medicine|Physician Assistant
Keck Medicine of USC,Gehr Family Center for Health Systems Science,Academic and Administrative,Gehr (Family )?Center for Health Systems (Innovation|Science)
Keck Medicine of USC,Hastings Center for Pulmonary Research,Academic,Hastings Center for Pulmonary Research
Keck Medicine of USC,Imaging Genetics Center,Academic,Imaging Genetics Center
Keck Medicine of USC,Institute for Addiction Science (IAS),Academic,Institute for Addiction Science
Keck Medicine of USC,Institute for Technology and Medical Systems Innovation,Academic,Institute for Technology and Medical Systems Innovation
Keck Medicine of USC,Institute of Prevention Research,Academic,(Institute for Prevention Research|Institute for Health Promotion (&|and) Disease Prevention)
Keck Medicine of USC,Integrative Anatomical Sciences,Academic,Integrative Anatomical Sciences
Keck Medicine of USC,Keck Hospital of USC,Academic and Administrative,Keck Hospital of USC
Keck Medicine of USC,Keck Medicine of USC - Cedars-Sinai Medical Center,Academic,Cedars-Sinai
Keck Medicine of USC,LAC+USC Medical Center,Administrative,(Los Angeles County Hospital|Los Angeles County \\+ University of Southern California Medical Center|LAC\\+USC Hospital|LAC\+USC Medical Center|Los Angeles County \\+ University of Southern California \(LAC ?\\+ ?USC\) Medical Center|Los Angeles County University of Southern California Medical Center|Hansen's Disease Clinic|Pediatrics LAC)
Keck Medicine of USC,Medical Education,Academic,Medical Education
Keck Medicine of USC,Medicine,Academic,(Department of Medicine|(Department|Division) of Cardiovascular Medicine|Division of Endocrinology and Diabetes|Division of Gastrointestinal and Liver Diseases?|Division of Geriatric Hospital Palliative and General Internal Medicine|Division of GHPGIM|(Department|Division) of Hematology|Division of Infectious Disease|(Department|Division) of Nephrology|Division of Rheumatology|(Department|Division) of Pulmonary Critical Care and Sleep Medicine|(Department|Division) of Pulmonary and Critical (Care|Medicine)|(Department|Division) of Oncology)
Keck Medicine of USC,Molecular Microbiology and Immunology,Academic,Molecular Microbiology (&|and) Immunology
Keck Medicine of USC,Neurological Surgery,Academic,Departments? of Neurological Surgery
Keck Medicine of USC,Neurology,Academic,(Department|Division) of Neurology
Keck Medicine of USC,Neurorestoration Center,Academic and Administrative,Neurorestoration Center
Keck Medicine of USC,Norris Comprehensive Cancer Center,Academic,Molecular Genomics Core|Center for Young Adult Cancer Survivorship|Norris (Jr\\. )?(Comprehensive )?Cancer Center|Norris Center for Cancer Drug Development
Keck Medicine of USC,Obstetrics and Gynecology,Academic,(Obstetrics (&|and) Gynecology|Gynecologic Oncology|Female Pelvic Medicine and Reconstructive Surgery)
Keck Medicine of USC,Ophthalmology,Academic,Roski Eye Institute|Department of Ophthalmology
Keck Medicine of USC,Orthopaedic Surgery,Academic,Department of Orthopa?edic Surgery
Keck Medicine of USC,Otolaryngology,Academic,Department of Otolaryngology
Keck Medicine of USC,Pathology,Academic,Department of Pathology
Keck Medicine of USC,Pediatrics,['Academic' 'Academic and Administrative'],Department of Pediatrics
Keck Medicine of USC,Physiology and Neuroscience,Academic,(Department of Physiology and Neuroscience|Master of Medical Physiology|Department of Physiology and Biophysics|Department of Clinical Physiology|Department of Clinical Physiology and Neuroscience)
Keck Medicine of USC,Population Public Health Sciences,Academic,Population Public Health Sciences
Keck Medicine of USC,Population and Public Health Sciences,Academic,(Department of Preven(ta)?tive Medicine|Population and Public Health Sciences|Division of Disease Prevention Policy and Global Health|(Department|Division) of Biostatistics|Master of Public Health Program|Los Angeles Cancer Surveillance Program)
Keck Medicine of USC,Psychiatry and Behavioral Sciences,Academic,Department of Psychiatry (&|and) (the )?Behavioral Sciences|Department of Forensic Psychiatry|Department of Psychiatry|Psychiatry Department|Institute of Psychiatry Law (and )?Behavioral Science
Keck Medicine of USC,Radiation Oncology,Academic,Radiation Oncology
Keck Medicine of USC,Radiology,Academic,(Department of Radiology|Department of Neuroradiology|Division of Vascular and Interventional Radiology|Radiomics Lab|4D Quantitative Imaging Lab)
Keck Medicine of USC,Research Center for ALPD and Cirrhosis,Academic,Research Center for ALPD and Cirrhosis
Keck Medicine of USC,Research Center for Liver Diseases,Academic,Research Center for Liver Disease
Keck Medicine of USC,Southern California Clinical and Translational Science Institute (SC CTSI),Academic,Southern California Clinical and Translational (Science )?Institute
Keck Medicine of USC,Southern California Evidence Review Center,Academic,Southern California Evidence Review Center
Keck Medicine of USC,Stem Cell Biology and Regenerative Medicine,Academic,Stem Cell (Biology )?and Regenerative Medicine
Keck Medicine of USC,Student Health,Administrative,Student Health
Keck Medicine of USC,Surgery,Academic,(Departments? of Surgery|Division of Cardiac Surgery|Division of Colorectal Surgery|Plastic and Reconstructive Surgery|Division of Thoracic Surgery|Division of Upper GI and General Surgery|Division of Vascular Surgery|Division of Trauma and (Surgical )?Critical Care)
Keck Medicine of USC,Translational Genomics,Academic,Department of Translational Genomics
Keck Medicine of USC,USC Verdugo Hills Hospital,Administrative,USC Verdugo Hills Hospital
Keck Medicine of USC,USC/UKRO Kidney Research Center,Academic,UKRO Kidney Research Center
Keck Medicine of USC,Urology,Academic,of Urology
Keck Medicine of USC,Zilkha Neurogenetic Institute (ZNI),Academic,Zh?ilkh?a Neurogenetic Institute
Leonard Davis School of Gerontology,Alzheimer Disease Research Center,Academic,Alzheimer['’]?s? Disease Research Center
Leonard Davis School of Gerontology,Family Caregiver Support Center,Academic,Family Caregiver Support Center
Leonard Davis School of Gerontology,Longevity Institute,Academic,Longevity Institute
Leonard Davis School of Gerontology,USC-Buck Nathan Shock Center of Excellence in the Biology of Aging,Academic,Buck Institute for Research on Aging
Libraries,Bioinformatics Services,Academic and Administrative,Bioinformatics? Services?|Norris Medical Bioinformatics
Libraries,East Asian Library (EAL),Academic and Administrative,East Asian Library (EAL)
Libraries,Hoose Library of Philosophy,Academic and Administrative,Humanities librarian|Hoose Library of Philosophy
Libraries,Leavey Library,Academic and Administrative,Leavey Library
Libraries,Library for International and Public Affairs,Academic and Administrative,Library for International and Public Affairs
Libraries,Norris Medical Library,Academic and Administrative,Health Sciences Libraries|Norris Medical Library
Libraries,Seaver Science Library,Academic and Administrative,Science and Engineering Librar(ian|y)|Seaver Science Library
Libraries,Sidney Harman Academy for Polymathic Study,Academic and Administrative,Sidney Harman Academy for Polymathic Study
Libraries,Wilson Dental Library,Academic and Administrative,Wilson Dental Library
Marshall School of Business,Business Communication,Academic,Business Communication
Marshall School of Business,Center for Effective Organizations,Academic and Administrative,Center [fF]or Effective Organizations
Marshall School of Business,Center for Global Innovation,Academic,Center for Global Innovation
Marshall School of Business,Data Sciences and Operations,Academic,Data Sciences? (&|and) Operations
Marshall School of Business,Finance and Business Economics,Academic,Finance (&|and) Business Economics?
Marshall School of Business,Institute for Outlier Research in Business,Academic,Institute of Outlier Research in Business
Marshall School of Business,Leventhal School of Accounting,Academic,Leventhal School of Accounting
Marshall School of Business,Lloyd Greif Center for Entrepreneurial Studies,Academic,Greif Center for Entrepreneurial Studies|Greif Center
Marshall School of Business,Management and Organization,Academic,Management (&|and) Organizations?
Marshall School of Business,Marketing,Academic,Marketing
Marshall School of Business,Master of Management in Library and Information Science,Academic,(Library Information Management|MMLIS)
Marshall School of Business,Medicine/Business Administration,Academic,Medicine/Business Administration
Norman Lear Center,Center on Public Diplomacy,Academic,Center on Public Diplomacy
Office of Professionalism and Ethics,Inclusion and Diversity Operations,Administrative,Office of Diversity and Inclusion
Office of the Provost,Center for Excellence in Teaching,Administrative,Center for Excellence in Teaching
Office of the Provost,Office of Institutional Research,Administrative,Office of Institutional Research
Office of the Provost,Provost Office Of Religious Life,Administrative,Provost Office Of Religious Life
Price School of Public Policy,Bedrosian Center on Governance,Academic,Bedrosian Center
Price School of Public Policy,"Center for Health Financing, Policy and Management",Academic and Administrative,Center for Health Financing Policy and Management
Price School of Public Policy,Center for Inclusive Democracy,Academic,Center for Inclusive Democracy
Price School of Public Policy,Center for Risk and Economic Analysis of Threats and Emergencies (CREATE),Academic,Center for Risk and Economic Analysis of Terrorism Events|Center for Risk and Economic Analysis of Threats and Emergencies
Price School of Public Policy,Center on Philanthropy and Public Policy,Academic,Center on Philanthropy and Public Policy
Price School of Public Policy,Health Policy and Management,Academic,Health Policy and Management
Price School of Public Policy,Leonard D. Schaeffer Center for Health Policy and Economics,Academic,Schae?ffer Center for Health Policy (&|and) Economics|Schae?ffer Center
Price School of Public Policy,Population Dynamics Research Group,Academic,Population Dynamics Research
Price School of Public Policy,Public Policy and Management,Academic,Department of Public Policy and Management|Department of Governance and Management
Price School of Public Policy,Safe Communities Institute,Academic,Safe Communities Institute
Price School of Public Policy,Schwarzenegger Institute for State and Global Policy,Academic,Institute for State and Global Policy
Price School of Public Policy,Sol Price Center for Social Innovation,Academic,Center for Social Innovation
Price School of Public Policy,Urban Planning and Spatial Analysis,['Academic' 'Academic and Administrative'],Urban Planning and Development|Urban Planning and Spatial Analysis
Price School of Public Policy,Wilbur H. Smith III Department of Real Estate Development,Academic,Department of Real Estate Development
Roski School of Art and Design,Roski 4D,Academic,Roski 4D
Rossier School of Education,"Center for Affective Neuroscience, Development, Learning and Education",Academic,Center for Affective Neuroscience Development Learning and Education
Rossier School of Education,"Center for Education, Identity and Social Justice",Academic,Center for Education Identity and Social Justice
Rossier School of Education,"Center for Enrollment Research, Policy and Practice",Academic,Center for Enrollment Research Policy and Practice
Rossier School of Education,"Center on Education Policy, Equity and Governance",Academic,Center on Education Policy Equity and Governance
Rossier School of Education,Pullias Center for Higher Education,Academic,Pullias Center
Rossier School of Education,Race and Equity Center,Academic and Administrative,Race (&|and) Equity Center|Center for Race (&|and) Equity
School of Architecture,Landscape Justice Initiative,Academic,Landscape Justice Initiative
School of Architecture,School of Architecture,Academic,School of Architecture
School of Cinematic Arts,Cinema and Media Studies,Academic,Cinema (&|and) Media Studies
School of Cinematic Arts,Creative Media and Behavioral Health Center,Academic,Creative Media and Behavioral Health Center
School of Cinematic Arts,Entertainment Technology Center,Academic,Entertainment Technology Center
School of Cinematic Arts,Film and Television Production,Academic,Film (&|and) Television Production
School of Cinematic Arts,Interactive Media and Games Division,Academic,Interactive Media (&|and) Games Division
School of Cinematic Arts,John C. Hench Division of Animation + Digital Arts,Academic,Division of Animation \\+ Digital Arts|Animation and Digital Arts
School of Cinematic Arts,John Wells Division of Writing for Screen and Television,Academic,Writing for Screen (&|and) Television
School of Cinematic Arts,Media Arts + Practice Division,Academic,(Media Arts \\+ Practice|Center for Spatial Perception and Concrete Experience|Media Arts and Practice)
Suzanne Dworak-Peck School of Social Work,Adult Mental Health and Wellness,Academic,Adult Mental Health (&|and) Wellness
Suzanne Dworak-Peck School of Social Work,Center for Artificial Intelligence in Society (CAIS),Academic,Center for (AI|Artificial Intelligence) in Society
Suzanne Dworak-Peck School of Social Work,Center for Innovation and Research on Veterans and Military Families,Academic,Center for Innovation and Research on Veterans (&|and) Military Families
Suzanne Dworak-Peck School of Social Work,Children's Data Network,Academic,"Children['’]{0,1}s Data Network"
Suzanne Dworak-Peck School of Social Work,"Children, Youth and Families",Academic,Department of Children Youth and Families
Suzanne Dworak-Peck School of Social Work,Edward R. Roybal Institute on Aging,Academic,Roybal Institute on Aging
Suzanne Dworak-Peck School of Social Work,Enhanced Interdisciplinary Research Training Institute,Academic,Interdisciplinary Research Training Institute on Hispanic Drug Abuse
Suzanne Dworak-Peck School of Social Work,Hamovitch Research Center,Academic,Hamovitch Center for Science in the Human Services|Hamovitch Research Center
Suzanne Dworak-Peck School of Social Work,Institute for Addiction Science (IAS),Academic,Institute for Addiction Science
Suzanne Dworak-Peck School of Social Work,Nursing,Academic,Department of Nursing
Suzanne Dworak-Peck School of Social Work,Social Change and Innovation,Academic,Social Change and Innovation
Thornton School of Music,Music Teaching and Learning,Academic,Music Teaching (and )?Learning
USC Office of Research and Innovation,Office of Research and Innovation,Administrative,Office of Research Advancement
University Relations,Neighborhood Academic Initiative,Administrative,Neighborhood Academic Initiative
Viterbi School of Engineering,Aerospace and Mechanical Engineering,Academic,Aerospace (&|and) Mechanical Engineering|Mechanical Engineering
Viterbi School of Engineering,Astronautical Engineering,Academic,Astronautical Engineering
Viterbi School of Engineering,Biomedical Engineering,Academic,Biomedical Engineering|Biomedical Microsystem Lab
Viterbi School of Engineering,Center for Advanced Manufacturing (CAM),Academic,Center for Advanced Manufacturing
Viterbi School of Engineering,Center for Artificial Intelligence in Society (CAIS),Academic,Center for (AI|Artificial Intelligence) in Society
Viterbi School of Engineering,Center for Neural Engineering,Academic,Center of Neural Engineering
Viterbi School of Engineering,Center for Risk and Economic Analysis of Threats and Emergencies (CREATE),Academic,Center for Risk and Economic Analysis of Terrorism Events|Center for Risk and Economic Analysis of Threats and Emergencies
Viterbi School of Engineering,Chemical Engineering and Materials Science,Academic,Chemical Engineering (&|and) Materials? Science|Petroleum Engineering|Mork Family|Chemical Engineering
Viterbi School of Engineering,Civil and Environmental Engineering,Academic,Civil and Environmental Engineering|Sonny Astani|of Civil Engineering
Viterbi School of Engineering,Collaboratory for Advanced Computing and Simulations,Academic,Collaboratory for Advanced Computing and Simulations
Viterbi School of Engineering,Computer Science,Academic,Computer Science
Viterbi School of Engineering,Core Center of Excellence in Nano Imaging (CNI),Academic,Core Center of Excellence in Nano Imaging
Viterbi School of Engineering,Data Science,Academic,Data Science
Viterbi School of Engineering,Electrical and Computer Engineering,Academic,Electrical (&|and) Computer Engineering|Microwave Systems Sensors and Imaging Lab|Ming Hsieh|Electrical Engineering|Wireless Devices and Systems Group|ECE
Viterbi School of Engineering,Engineering Education,Academic,Engineering Education
Viterbi School of Engineering,Engineering in Society,Academic and Administrative,Engineering in Society
Viterbi School of Engineering,Gill Foundation Composites Center,Academic,Composites Center
Viterbi School of Engineering,Industrial and Systems Engineering,Academic,Industrial (&|and) Systems Engineering|Daniel J\. Epstein Institute|Operations Research Engineering
Viterbi School of Engineering,Information Sciences Institute,Academic,Information Sciences? Institute|Space Engineering Research Center|Quantum Computing Center
Viterbi School of Engineering,Information Technology Program,Academic,Information Technology Program
Viterbi School of Engineering,Institute for Creative Technologies,Academic,Center for Body Computing|Mixed Reality Lab|Medical Virtual Reality|Affective Computing|Learning Sciences|Modeling & Simulation|Dialogue Group|Narrative Group|Vision & Graphics Lab|Central Architecture Research & Development|Social Simulation|Cognitive Architecture|Institute for Creative Technologies
Viterbi School of Engineering,Institute for Future of Computing,Academic,Institute for Future of Computing
Viterbi School of Engineering,Integrated Media Systems Center,Academic,Integrated Media Systems Center
Viterbi School of Engineering,Robotics and Autonomous Systems Center (RASC),Academic,(Robotic Embedded Systems Lab|Interaction Lab|CIBORG Lab|Robotics and Autonomous Systems Center|Signal Analysis and Interpretation Lab)
Viterbi School of Engineering,Technology Innovation and Entrepreneurship,Academic and Administrative,Technology Innovation and Entrepreneurship
Viterbi School of Engineering,Urban Planning and Spatial Analysis,Academic,Urban Planning and Spatial Analysis
Viterbi School of Engineering,Institute for Creative Technologies,Academic,Center for Body Computing|Mixed Reality Lab|Medical Virtual Reality|Affective Computing|Learning Sciences|Modeling & Simulation|Dialogue Group|Narrative Group|Vision & Graphics Lab|Central Architecture Research & Development|Social Simulation|Cognitive Architecture|Institute for Creative Technologies
Viterbi School of Engineering,Institute for Future of Computing,Academic,Institute for Future of Computing
Viterbi School of Engineering,Integrated Media Systems Center,Academic,Integrated Media Systems Center
Viterbi School of Engineering,Robotics and Autonomous Systems Center (RASC),Academic,(Robotic Embedded Systems Lab|Interaction Lab|CIBORG Lab|Robotics and Autonomous Systems Center|Signal Analysis and Interpretation Lab)
Viterbi School of Engineering,Technology Innovation and Entrepreneurship,Academic and Administrative,Technology Innovation and Entrepreneurship
Viterbi School of Engineering,Urban Planning and Spatial Analysis,Academic,Urban Planning and Spatial Analysis
