School/Institute/Center,Department/Group,Pattern
Alfred E. Mann School of Pharmacy and Pharmaceutical Sciences,California Right Meds Collaborative,California Right Meds
Alfred E. Mann School of Pharmacy and Pharmaceutical Sciences,Center for Drug Discovery and Development,Center for Drug Discovery and Development
Alfred E. Mann School of Pharmacy and Pharmaceutical Sciences,Center for Neuronal Longevity,Neuronal Longevity
Alfred E. Mann School of Pharmacy and Pharmaceutical Sciences,Center for Quantitative Drug and Disease Modeling,Center for Quantitative Drug and Disease Modeling
Alfred E. Mann School of Pharmacy and Pharmaceutical Sciences,D. K. Kim International Center for Regulatory Science,Kim International Center for Regulatory Science
Alfred E. Mann School of Pharmacy and Pharmaceutical Sciences,Ginsburg Institute for Biomedical Therapeutics,Institute for Biomedical Therapeutics
Alfred E. Mann School of Pharmacy and Pharmaceutical Sciences,Histology Lab,Histology
Alfred E. Mann School of Pharmacy and Pharmaceutical Sciences,International Travel Medicine Clinic,International Travel Medicine Clinic
Alfred E. Mann School of Pharmacy and Pharmaceutical Sciences,Lentiviral Lab,Lentiviral
Alfred E. Mann School of Pharmacy and Pharmaceutical Sciences,Mass Spectrometry Core,Mass Spectrometry
Alfred E. Mann School of Pharmacy and Pharmaceutical Sciences,Medicinal Chemistry Core,Medicinal Chemistry
Alfred E. Mann School of Pharmacy and Pharmaceutical Sciences,Pharmaceutical and Health Economics,Pharmaceutical and Health Economics
Alfred E. Mann School of Pharmacy and Pharmaceutical Sciences,Pharmacology and Pharmaceutical Sciences,(Pharmacology (&|and) Pharmaceutical Sciences?|Master of Science Molecular Pharmacology and Toxicology)
Alfred E. Mann School of Pharmacy and Pharmaceutical Sciences,Regulatory and Quality Sciences,Regulatory (&|and) Quality Sciences
Alfred E. Mann School of Pharmacy and Pharmaceutical Sciences,Titus Center for Medication Safety and Population Health,Titus Center for Medication Safety and Population Health
Alfred E. Mann School of Pharmacy and Pharmaceutical Sciences,Titus Family Department of Clinical Pharmacy,Clinical Pharmacy
Alfred E. Mann School of Pharmacy and Pharmaceutical Sciences,Translational Research Lab,Translational Research Lab
Annenberg School for Communication and Journalism,Annenberg Center for Collaborative Communication,Center for Collaborative Communication
Annenberg School for Communication and Journalism,Annenberg Inclusion Initiative,Inclusion Initiative
Annenberg School for Communication and Journalism,Annenberg Innovation Lab,Annenberg Innovation Lab
Annenberg School for Communication and Journalism,"Annenberg Institute of Sports, Media and Society",Institute of Sports Media (&|and) Society
Annenberg School for Communication and Journalism,Annenberg Networks Network,Networks Network
Annenberg School for Communication and Journalism,Annenberg Research Network on International Communication,Research Network on International Communication
Annenberg School for Communication and Journalism,Center for Climate Journalism and Communication,Center for Climate Journalism and Communication
Annenberg School for Communication and Journalism,Center for Health Journalism,Center for Health Journalism
Annenberg School for Communication and Journalism,Center for Public Relations,Center for Public Relations
Annenberg School for Communication and Journalism,Center for the Digital Future,Center for the Digital Future
Annenberg School for Communication and Journalism,Center for Third Space Thinking,Center for Third Space Thinking
Annenberg School for Communication and Journalism,Center on Communication Leadership and Policy,Center on Communication Leadership and Policy
Annenberg School for Communication and Journalism,Charlotta Bass Journalism and Justice Lab,Charlotta Bass Journalism and Justice Lab
Annenberg School for Communication and Journalism,Civic Paths,Civic Paths
Annenberg School for Communication and Journalism,Critical Media Project,Critical Media Project
Annenberg School for Communication and Journalism,Health Equity and Media Lab,Health Equity and Media Lab
Annenberg School for Communication and Journalism,Institute for Diversity and Empowerment at Annenberg,Institute for Diversity and Empowerment at Annenberg
Annenberg School for Communication and Journalism,JOVRNALISM,JOVRNALISM
Annenberg School for Communication and Journalism,Knight Digital Media Center,Knight Digital Media Center
Annenberg School for Communication and Journalism,"Media, Economics and Entrepreneurship",Media Economics (&|and) Entrepreneurship
Annenberg School for Communication and Journalism,Metamorphosis,Metamorphosis
Annenberg School for Communication and Journalism,Norman Lear Center,Norman Lear Center
Annenberg School for Communication and Journalism,Pacific Council on International Policy,Pacific Council on International Policy
Annenberg School for Communication and Journalism,The New Normal,The New Normal
Annenberg School for Communication and Journalism,U.S.-China Institute,U\\.S\\.-?China Institute
Herman Ostrow School of Dentistry of USC,Chan Division of Occupational Science and Occupational Therapy,Musculoskeletal Sonography and Occupational Performance Lab|Neural Plasticity and Neurorehabilitation Lab
Herman Ostrow School of Dentistry of USC,Division of Biokinesiology and Physical Therapy,Clinical Biomechanics Orthopedic and Sports Outcomes Research|Clinical Exercise Research Center|Spine Physical Therapy Fellowship|Computational Neuro-Rehabilitation Lab|Human Performance Lab|Infant Neuromotor Control|Institute for Senior Golf Research|Institute for Therapeutic Golf Science|Motor Behavior and Neurorehabilitation Lab|Motor Development Lab|Musculoskeletal Biomechanics Research Lab
Dornsife College of Letters Arts and Sciences,American Language Institute,(Global Initiatives|American Language Institute)
Dornsife College of Letters Arts and Sciences,American Studies and Ethnicity,American Studies (&|and) Ethnicity
Dornsife College of Letters Arts and Sciences,Anthropology,Anthropology
Dornsife College of Letters Arts and Sciences,Archaeology Research Center,Archaeology Research Center
Dornsife College of Letters Arts and Sciences,Art History,Art History
Dornsife College of Letters Arts and Sciences,Biological Sciences,(Department of Biological Sciences?|Marine (& |and )?Environmental Biology|Molecular (&|and) Computation(al)? Biology|Human (&|[aA]nd) Evolutionary Biology|(Department|Section) of Neurobiology|Department of Human Biology|Integrative Molecular Genetics and Biochemistry)
Dornsife College of Letters Arts and Sciences,Brain and Creativity Institute,Brain and Creativity Institute
Dornsife College of Letters Arts and Sciences,Bridge Institute,Bridge Institute
Dornsife College of Letters Arts and Sciences,Casden Institute for the Study of the Jewish Role in American Life,Casden Institute
Dornsife College of Letters Arts and Sciences,Cell and Molecular Imaging Users Group,Cell and Molecular Imaging Users
Dornsife College of Letters Arts and Sciences,Center for Advanced Genocide Research,Center for Advanced Genocide Research
Dornsife College of Letters Arts and Sciences,Center for Advanced Sustainable Energy (CASE),Center for Advanced Sustainable Energy
Dornsife College of Letters Arts and Sciences,Center for Applied Mathematical Sciences,Center of Applied Mathematical Sciences
Dornsife College of Letters Arts and Sciences,Center for Chinese Fossil Discoveries,Center for Chinese Fossil Discoveries
Dornsife College of Letters Arts and Sciences,Center for Dark Energy Biosphere Investigations (C-DEBI),Community College Cultivation Cohort|Center for Dark Energy Biosphere Investigations
Dornsife College of Letters Arts and Sciences,Center for Diversity and Democracy,Center for Diversity and Democracy
Dornsife College of Letters Arts and Sciences,Center for Economic and Social Research,(Center [fF]or Economic (&|and) Social Research|Center for Self-Report Science|Center for Social (&|and) Economic Research)
Dornsife College of Letters Arts and Sciences,Center for Feminist Research,Center for Feminist Research
Dornsife College of Letters Arts and Sciences,Center for International Studies,Center for International Studies
Dornsife College of Letters Arts and Sciences,Center for Languages and Cultures,Center for Languages and Cultures
Dornsife College of Letters Arts and Sciences,Center for Religion and Civic Culture,Center for Religion and Civic Culture
Dornsife College of Letters Arts and Sciences,Center for Research on Crime,Center for Research on Crime
Dornsife College of Letters Arts and Sciences,Center for the Political Future,Center for the Political Future
Dornsife College of Letters Arts and Sciences,Center for the Premodern World,Center for the Premodern World
Dornsife College of Letters Arts and Sciences,Center for the Study of Immigrant Integration,Center for the Study of Immigrant Integration
Dornsife College of Letters Arts and Sciences,Center of Excellence in NanoBiophysics,Center of Excellence in NanoBiophysics
Dornsife College of Letters Arts and Sciences,"Center on Science, Technology and the Public Life",Center on Science Technology and Public Life
Dornsife College of Letters Arts and Sciences,Chemistry,(Departments?|Dept\\.?) of Chemistry
Dornsife College of Letters Arts and Sciences,Classics,Department of Classics
Dornsife College of Letters Arts and Sciences,Comparative Literature,Department of Comparative Literature
Dornsife College of Letters Arts and Sciences,Comparative Studies in Literature and Culture,Comparative Studies in Literature and Culture
Dornsife College of Letters Arts and Sciences,Convergent Science Institute in Cancer,Convergent Science Institute in Cancer
Dornsife College of Letters Arts and Sciences,Dornsife Imaging Center,Dornsife Imaging Center
Dornsife College of Letters Arts and Sciences,Earth Sciences,Earth Sciences?
Dornsife College of Letters Arts and Sciences,East Asian Languages and Cultures,East Asian Languages? and Cultures
Dornsife College of Letters Arts and Sciences,East Asian Studies Center,East Asian Area Studies Program|East Asian Studies Center
Dornsife College of Letters Arts and Sciences,Economics,((Department|Dept\\.?) of Economics|Economics Department|Institute for New Economic Thinking)
Dornsife College of Letters Arts and Sciences,English,Department of English
Dornsife College of Letters Arts and Sciences,Environmental Studies Program,Environmental Studies Program
Dornsife College of Letters Arts and Sciences,Equity Research Institute (formerly PERE/CSII),Equity Research Institute|Program for Environmental and Regional Equity|Center for the Study of Immigrant Integration
Dornsife College of Letters Arts and Sciences,French and Italian,French and Italian
Dornsife College of Letters Arts and Sciences,Gender and Sexuality Studies,Gender (&|and) Sexuality Studies
Dornsife College of Letters Arts and Sciences,German Studies Program,German Studies Program
Dornsife College of Letters Arts and Sciences,History,Department of History
Dornsife College of Letters Arts and Sciences,Humanities in a Digital World,(Humanities in a Digital World|Digital World Program)
Dornsife College of Letters Arts and Sciences,Huntington-USC Institute on California and the West,Huntington-?USC Institute on California and the West
Dornsife College of Letters Arts and Sciences,Institute for Advanced Catholic Studies,Institute for Advanced Catholic Studies
Dornsife College of Letters Arts and Sciences,Institute for British and Irish Studies,Institute for British and Irish Studies
Dornsife College of Letters Arts and Sciences,Institute for Economic Policy Research,Center for Economic Policy Research
Dornsife College of Letters Arts and Sciences,Institute of Armenian Studies,Institute of Armenian Studies
Dornsife College of Letters Arts and Sciences,International Museum Studies Institute (IMI),International Museum Studies Institute
Dornsife College of Letters Arts and Sciences,International Relations,School of International Relations
Dornsife College of Letters Arts and Sciences,Jesse M. Unruh Institute of Politics,Unruh Institute of Politics
Dornsife College of Letters Arts and Sciences,Joint Educational Project,Joint Educational Project
Dornsife College of Letters Arts and Sciences,Korean Studies Institute,Korean Studies Institute
Dornsife College of Letters Arts and Sciences,Latin American and Iberian Cultures,Latin American [aA]nd Iberian Cultures
Dornsife College of Letters Arts and Sciences,Latinx and Latin American Studies Center,Latinx and Latin American Studies Center
Dornsife College of Letters Arts and Sciences,Levan Institute for the Humanities,Levan Institute for the Humanities
Dornsife College of Letters Arts and Sciences,Linguistics,Linguistics
Dornsife College of Letters Arts and Sciences,Loker Hydrocarbon Research Institute,Loker Hydrocarbon Research Institute
Dornsife College of Letters Arts and Sciences,Los Angeles Institute for the Humanities,Los Angeles Institute for the Humanities
Dornsife College of Letters Arts and Sciences,Mathematics,Department of Mathematics
Dornsife College of Letters Arts and Sciences,"Max Kade Institute for Austrian, Swiss and German Studies",Kade Institute|Austrian Swiss and German Studies
Dornsife College of Letters Arts and Sciences,Middle East Studies,Middle East Studies
Dornsife College of Letters Arts and Sciences,Mind and Society Center,Mind (&|and) Society Center
Dornsife College of Letters Arts and Sciences,Narrative Studies Program,Narrative Studies Program
Dornsife College of Letters Arts and Sciences,Neuroscience,(Program in Neuroscience|Department of Neuroscience|Neuroscience Graduate Program)
Dornsife College of Letters Arts and Sciences,Philip K. Wrigley Marine Science Center,Wrigley Marine Science Center
Dornsife College of Letters Arts and Sciences,Philosophy,(Department|School) of Philosophy
Dornsife College of Letters Arts and Sciences,Physical Education and Mind Body Health,Physical Education and Mind Body Health
Dornsife College of Letters Arts and Sciences,Physics and Astronomy,Physics (&|and) Astronomy|Department of Physics
Dornsife College of Letters Arts and Sciences,Political Science,Department of Political Science
Dornsife College of Letters Arts and Sciences,Political Science and International Relations,Department of Political Science and International Relations
Dornsife College of Letters Arts and Sciences,Postbaccalaureate Premedical Program,Post-?baccalaureate Premedical Program
Dornsife College of Letters Arts and Sciences,Psychology,Department of Psychology
Dornsife College of Letters Arts and Sciences,Quantitative and Computational Biology,Quantitative (&|and) Computational Biology|Computational Biology (&|and) Bioinformatics
Dornsife College of Letters Arts and Sciences,Religion,School of Religion
Dornsife College of Letters Arts and Sciences,Sea Grant Program,Sea Grant Program
Dornsife College of Letters Arts and Sciences,Shinso Ito Center for Japanese Religions and Culture,Ito Center for Japanese Religions and Culture
Dornsife College of Letters Arts and Sciences,Slavic Languages and Literatures,Slavic Languages and Literatures?
Dornsife College of Letters Arts and Sciences,Society of Fellows in the Humanities,Society of Fellows
Dornsife College of Letters Arts and Sciences,Sociology,Sociology
Dornsife College of Letters Arts and Sciences,Southern California Earthquake Center,Southern California Earthquake Center
Dornsife College of Letters Arts and Sciences,Space Science Center,Space Science Center
Dornsife College of Letters Arts and Sciences,Spatial Sciences Institute,Spatial Sciences?( Institute)?|Spatial Data Science
Dornsife College of Letters Arts and Sciences,Translational Imaging Center,Translational Imaging Center
Dornsife College of Letters Arts and Sciences,USC-Huntington Early Modern Studies Institute,Early Modern Studies Institute
Dornsife College of Letters Arts and Sciences,Visual Studies Research Institute,Visual Studies Research
Dornsife College of Letters Arts and Sciences,Wrigley Institute for Environmental Studies,Wrigley Institute for Environmental Studies
Dornsife College of Letters Arts and Sciences,Writing Program,Writing Program
Ellison Institute for Transformative Medicine,Ellison Institute for Transformative Medicine,Ellison Institute for Transformative Medicine
Gould School of Law,Center for Dispute Resolution,Center for Dispute Resolution
Gould School of Law,Center for Transnational Law and Business,Center for Transnational Law and Business
Gould School of Law,Child Interviewing Lab,Child Interviewing Lab
Gould School of Law,Initiative and Referendum Institute,Initiative and Referendum Institute
Gould School of Law,Pacific Center for Health Policy and Ethics,Pacific Center for Health Policy and Ethics
Gould School of Law,"Saks Institute for Mental Health Law, Policy, and Ethics",Saks Institute for Mental Health Law Policy and Ethics
Herman Ostrow School of Dentistry of USC,Biomedical Implants and Tissue Engineering,Biomedical Implants and Tissue Engineering
Herman Ostrow School of Dentistry of USC,Biomedical Sciences,Biomedical Sciences?
Herman Ostrow School of Dentistry of USC,Center for Craniofacial Molecular Biology,Center for Craniofacial Molecular Biology
Herman Ostrow School of Dentistry of USC,Dental Clinic,Dental Public Health & Community Outreach
Herman Ostrow School of Dentistry of USC,Dental Surgery,Dental Surgery Program
Herman Ostrow School of Dentistry of USC,"Diagnostic Sciences, Anesthesia and Emergency Medicine",Diagnostic Sciences Anesthesia and Emergency Medicine
Herman Ostrow School of Dentistry of USC,Endodontics,(Department|Division) of Endodontics|Advanced Endodontics
Herman Ostrow School of Dentistry of USC,Geriatric Dentristry,Master of Science in Geriatric Dentistry
Herman Ostrow School of Dentistry of USC,"Geriatrics, Special Needs and Behavioral Sciences",Department of Geriatrics Special Needs and Behavioral Sciences
Herman Ostrow School of Dentistry of USC,Operative Dentistry,Department of Operative Dentistry
Herman Ostrow School of Dentistry of USC,Oral and Maxillofacial Surgery,Oral and Maxillofacial Surgery
Herman Ostrow School of Dentistry of USC,Orofacial Pain and Oral Medicine,Orofacial Pain and Oral Medicine
Herman Ostrow School of Dentistry of USC,Orthodontics,Department of Orthodontics|Advanced Orthodontic Program
Herman Ostrow School of Dentistry of USC,Pediatric Dentistry,Division of Dental Public Health and Pediatric Dentistry
Herman Ostrow School of Dentistry of USC,Periodontology and Diagnostic Sciences,Division of Periodontology Diagnostic (Services|Sciences) (&|and )?Dental Hygiene|Department of Diagnostic Sciences?
Herman Ostrow School of Dentistry of USC,Post Graduate Education Certificate Programs,Advanced Specialty Education Program in Prosthodontics|Advanced Prosthodontics Program
Herman Ostrow School of Dentistry of USC,Restorative Sciences,Restorative Sciences
Herman Ostrow School of Dentistry of USC,Section of Infection and Immunity,Section of Infection and Immunity
Herman Ostrow School of Dentistry of USC,Surgical and Hospital Affairs,Surgical (&|and) Hospital Affairs
"Human Resources, Equity and Compliance",WorkWell Center,Center for Work & Family Life
Institute on Inequalities in Global Health,Institute on Inequalities in Global Health,Institute on Inequalities in Global Health
Keck Medicine of USC,Adolescent Trauma Training Center,Adolescent Trauma Training Center
Keck Medicine of USC,Alzheimer's Therapeutic Research Institute,Alzheimer['’]?s? Therapeutic Research Institute
Keck Medicine of USC,Anesthesiology,Anesthesiology
Keck Medicine of USC,Biochemistry and Molecular Medicine,Biochemistry (&|and) Molecular Medicine
Keck Medicine of USC,Biomimetic MicroElectronic Systems,Biomimetic MicroElectronic Systems
Keck Medicine of USC,Center for Applied Molecular Medicine,Center for Applied Molecular Medicine
Keck Medicine of USC,Center for Applied Network Analysis,Center for Applied Network Analysis
Keck Medicine of USC,Center for Genetic Epidemiology,Center for Genetic Epidemiology
Keck Medicine of USC,Center for Health Equity in the Americas,Center for Health Equity in the Americas
Keck Medicine of USC,Center for Image Acquisition,Center for Image Acquisition
Keck Medicine of USC,Center for Integrative Connectomics,Center for Integrative Connectomics
Keck Medicine of USC,Children's Hospital Los Angeles,Children['’]s Hospital (of )?Los Angeles|Children['’]s Hospital|CHLA|Laboratory of Applied Pharmacokinetics|Institute for Nursing and Interprofessional Research|University Center of Excellence in Developmental Disabilities|Saban Research Institute
Keck Medicine of USC,Dermatology,Dermatology
Keck Medicine of USC,Diabetes and Obesity Research Institute,Diabetes (&|and) Obesity Research Institute
Keck Medicine of USC,Eli and Edythe Broad Center for Regenerative Medicine and Stem Cell Research,(Center for Regenerative Medicine and Stem Cell Research|Broad Stem Cell Center)
Keck Medicine of USC,Emergency Medicine,Department of Emergency Medicine|Navy Trauma Training Center
Keck Medicine of USC,Family Medicine,Family Medicine|Physician Assistant
Keck Medicine of USC,Gehr Family Center for Health Systems Science,Gehr (Family )?Center for Health Systems (Innovation|Science)
Keck Medicine of USC,Hastings Center for Pulmonary Research,Hastings Center for Pulmonary Research
Keck Medicine of USC,Imaging Genetics Center,Imaging Genetics Center
Keck Medicine of USC,Institute for Technology and Medical Systems Innovation,Institute for Technology and Medical Systems Innovation
Keck Medicine of USC,Institute of Prevention Research,(Institute for Prevention Research|Institute for Health Promotion (&|and) Disease Prevention)
Keck Medicine of USC,Institute of Translational Genomics at Keck Medicine of USC,Institute of Translational Genomics
Keck Medicine of USC,Integrative Anatomical Sciences,Integrative Anatomical Sciences
Keck Medicine of USC,Keck Medicine of USC - Cedars-Sinai Medical Center,Cedars-Sinai
Keck Medicine of USC,Keck-Rancho Los Amigos National Rehabilitation Center,Rancho Los Amigos National Rehabilitation Center
Keck Medicine of USC,LAC+USC Medical Center,(Los Angeles County Hospital|Los Angeles County \\+ University of Southern California Medical Center|LAC\\+USC Hospital|LAC\+USC Medical Center|Los Angeles County \\+ University of Southern California \(LAC ?\\+ ?USC\) Medical Center|Los Angeles County University of Southern California Medical Center|Hansen's Disease Clinic|Pediatrics LAC)
Keck Medicine of USC,Mark and Mary Stevens Neuroimaging and Informatics Institute (INI),Neuroimaging (&|and) Informatics Institute|Stevens Institute for Neuroimaging (&|and) Informatics
Keck Medicine of USC,Master of Science in Global Medicine,Department of Global Medicine
Keck Medicine of USC,Medical Education,Medical Education
Keck Medicine of USC,Medicine,(Department of Medicine|(Department|Division) of Cardiovascular Medicine|Division of Endocrinology and Diabetes|Division of Gastrointestinal and Liver Diseases?|Division of Geriatric Hospital Palliative and General Internal Medicine|Division of GHPGIM|(Department|Division) of Hematology|Division of Infectious Disease|(Department|Division) of Nephrology|Division of Rheumatology|(Department|Division) of Pulmonary Critical Care and Sleep Medicine|(Department|Division) of Pulmonary and Critical (Care|Medicine)|(Department|Division) of Oncology)
Keck Medicine of USC,Memory and Aging Center,Center on Aging
Keck Medicine of USC,MESH Academy,MESH Academy
Keck Medicine of USC,Molecular Microbiology and Immunology,Molecular Microbiology (&|and) Immunology
Keck Medicine of USC,Neurological Surgery,Departments? of Neurological Surgery
Keck Medicine of USC,Neurology,(Department|Division) of Neurology
Keck Medicine of USC,Neurorestoration Center,Neurorestoration Center
Keck Medicine of USC,Norris Comprehensive Cancer Center,Molecular Genomics Core|Center for Young Adult Cancer Survivorship|Norris (Jr\\. )?(Comprehensive )?Cancer Center|Norris Center for Cancer Drug Development
Keck Medicine of USC,Obstetrics and Gynecology,(Obstetrics (&|and) Gynecology|Gynecologic Oncology|Female Pelvic Medicine and Reconstructive Surgery)
Keck Medicine of USC,Office of Educational Affiars,Department of Educational Affairs
Keck Medicine of USC,Ophthalmology,Roski Eye Institute
Keck Medicine of USC,Ophthalmology,Department of Ophthalmology
Keck Medicine of USC,Orthopaedic Surgery,Department of Orthopa?edic Surgery
Keck Medicine of USC,Otolaryngology,Department of Otolaryngology
Keck Medicine of USC,Pathology,Department of Pathology
Keck Medicine of USC,Patient and Family Experience Office,Patient Experience
Keck Medicine of USC,Pediatrics,Department of Pediatrics
Keck Medicine of USC,Physiology and Neuroscience,(Department of Physiology and Neuroscience|Master of Medical Physiology|Department of Physiology and Biophysics|Department of Clinical Physiology|Department of Clinical Physiology and Neuroscience)
Keck Medicine of USC,Population and Public Health Sciences,(Department of Preven(ta)?tive Medicine|Population and Public Health Sciences|Division of Disease Prevention Policy and Global Health|(Department|Division) of Biostatistics|Master of Public Health Program|Los Angeles Cancer Surveillance Program)
Keck Medicine of USC,Programs in Biomedical and Biological Sciences,Medical Biology Program|PIBBS program
Keck Medicine of USC,Psychiatry and Behavioral Sciences,Department of Psychiatry (&|and) (the )?Behavioral Sciences|Department of Forensic Psychiatry|Department of Psychiatry|Psychiatry Department|Institute of Psychiatry Law (and )?Behavioral Science
Keck Medicine of USC,Radiation Oncology,Radiation Oncology
Keck Medicine of USC,Radiology,(Department of Radiology|Department of Neuroradiology|Division of Vascular and Interventional Radiology|Radiomics Lab|4D Quantitative Imaging Lab)
Keck Medicine of USC,Research Center for Alcoholic Liver and Pancreatic Diseases and Cirrhosis,(Research Center for Alcoholic Liver and Pancreatic Diseases|Research Center for ALPD)
Keck Medicine of USC,Research Center for Liver Diseases,Research Center for Liver Disease
Keck Medicine of USC,Southern California Environmental Health Sciences Center and Children’s Environmental Health Center,Southern California Environmental Health Sciences? Center
Keck Medicine of USC,Southern California Evidence Review Center,Southern California Evidence Review Center
Keck Medicine of USC,Stem Cell Biology and Regenerative Medicine,Stem Cell (Biology )?and Regenerative Medicine
Keck Medicine of USC,Student Health,Student Health
Keck Medicine of USC,Surgery,(Departments? of Surgery|Division of Cardiac Surgery|Division of Colorectal Surgery|Plastic and Reconstructive Surgery|Division of Thoracic Surgery|Division of Upper GI and General Surgery|Division of Vascular Surgery|Division of Trauma and (Surgical )?Critical Care)
Keck Medicine of USC,Translational Genomics,Department of Translational Genomics
Keck Medicine of USC,Urology,of Urology
Keck Medicine of USC,USC/UKRO Kidney Research Center,UKRO Kidney Research Center
Keck Medicine of USC,Zilkha Neurogenetic Institute (ZNI),Zh?ilkh?a Neurogenetic Institute
Leonard Davis School of Gerontology,AirPollBrain Group,AirPollBrain
Leonard Davis School of Gerontology,Center for Elder Justice,Center for Elder Justice
Leonard Davis School of Gerontology,Center for Global Aging,Center for Global Aging
Leonard Davis School of Gerontology,Center for Lifespan Health,Center for Lifespan Health
Leonard Davis School of Gerontology,Emotion and Cognition Lab,Emotion and Cognition Lab
Leonard Davis School of Gerontology,Fall Prevention Center of Excellence,Fall Prevention Center of Excellence
Leonard Davis School of Gerontology,Family Caregiver Support Center,Family Caregiver Support Center
Leonard Davis School of Gerontology,Longevity Institute,Longevity Institute
Leonard Davis School of Gerontology,Ney Center for Healthspan Science,Ney Center for Healthspan Science
Leonard Davis School of Gerontology,"Nutrition, Healthspan and Longevity",Nutrition Healthspan and Longevity
Leonard Davis School of Gerontology,USC-Buck Nathan Shock Center of Excellence in the Biology of Aging,Buck Institute for Research on Aging
Leonard Davis School of Gerontology,USC/UCLA Center on Biodemography and Population Health,Center on Biodemography and Population Health
Libraries,Bioinformatics Services,Bioinformatics? Services?|Norris Medical Bioinformatics
Libraries,Hoose Library of Philosophy,Humanities librarian|Hoose Library of Philosophy
Libraries,Leavey Library,Leavey Library
Libraries,Library for International and Public Affairs,Library for International and Public Affairs
Libraries,Norris Medical Library,Health Sciences Libraries|Norris Medical Library
Libraries,Seaver Science Library,Science and Engineering Librar(ian|y)|Seaver Science Library
Libraries,Web and Automation Technologies,Web (&|and) Automation Technologies
Libraries,Wilson Dental Library,Wilson Dental Library
Marshall School of Business,Brittingham Social Enterprise Lab,Brittingham Social Enterprise Lab
Marshall School of Business,Business Communication,Business Communication
Marshall School of Business,Center for Effective Organizations,Center [fF]or Effective Organizations
Marshall School of Business,Center for Global Innovation,Center for Global Innovation
Marshall School of Business,Center for Investment Studies,Center for Investment Studies
Marshall School of Business,Data Sciences and Operations,Data Sciences? (&|and) Operations
Marshall School of Business,Finance and Business Economics,Finance (&|and) Business Economics?
Marshall School of Business,Global Supply Chain Management Program,Global Supply-?Chain Management
Marshall School of Business,Initiative on Digital Competition,Initiative on Digital Competition
Marshall School of Business,Institute for Outlier Research in Business,Institute of Outlier Research in Business
Marshall School of Business,Lloyd Greif Center for Entrepreneurial Studies,Greif Center for Entrepreneurial Studies|Greif Center
Marshall School of Business,Management and Organization,Management (&|and) Organizations?
Marshall School of Business,Marketing,Marketing
Marshall School of Business,Master of Management in Library and Information Science,(Library Information Management|MMLIS)
Marshall School of Business,Neely Center for Ethical Leadership and Decision Making,Neely Center for Ethical Leadership and Decision Making
Marshall School of Business,Peter Arkley Institute for Risk Management,Peter Arkley Institute for Risk Management
Marshall School of Business,Randall R. Kendrick Global Supply Chain Institute,Kendrick Global Supply Chain Institute
Marshall School of Business,Vaneck Digital Assets Initiative,Vaneck Digital Assets Initiative
Marshall School of Business,World Bachelor in Business Program,World Bachelor in Business Program
Office of Professionalism and Ethics,Inclusion and Diversity Operations,Office of Diversity and Inclusion
Office of the Provost,Center for Excellence in Teaching,Center for Excellence in Teaching
Office of the Provost,Office of Institutional Research,Office of Institutional Research
Price School of Public Policy,Bedrosian Center on Governance,Bedrosian Center
Price School of Public Policy,Center for Economic Development,Center for Economic Development
Price School of Public Policy,"Center for Health Financing, Policy and Management",Center for Health Financing Policy and Management
Price School of Public Policy,Center for Inclusive Democracy,Center for Inclusive Democracy
Price School of Public Policy,Center for Sustainability Solutions,Center for Sustainability Solutions
Price School of Public Policy,Center on Philanthropy and Public Policy,Center on Philanthropy and Public Policy
Price School of Public Policy,Civic Leadership Education and Research Initiative,Civic Leadership Education and Research
Price School of Public Policy,Health Policy and Management,Health Policy and Management
Price School of Public Policy,Lusk Center for Real Estate,Lusk Center of Real Estate
Price School of Public Policy,Master of Health Administration,Master of Healthcare Administration
Price School of Public Policy,METRANS Transportation Center,METRANS Transportation Center
Price School of Public Policy,Population Dynamics Research Group,Population Dynamics Research
Price School of Public Policy,Public Policy and Management,Department of Public Policy and Management|Department of Governance and Management
Price School of Public Policy,Safe Communities Institute,Safe Communities Institute
Price School of Public Policy,Schwarzenegger Institute for State and Global Policy,Institute for State and Global Policy
Price School of Public Policy,Sol Price Center for Social Innovation,Center for Social Innovation
Price School of Public Policy,Spatial Analysis Lab,Spatial Analysis Lab
Price School of Public Policy,Urban Planning and Spatial Analysis,Urban Planning and Development|Urban Planning and Spatial Analysis
Price School of Public Policy,Wilbur H. Smith III Department of Real Estate Development,Department of Real Estate Development
Rossier School of Education,"Center for Affective Neuroscience, Development, Learning and Education",Center for Affective Neuroscience Development Learning and Education
Rossier School of Education,"Center for Education, Identity and Social Justice",Center for Education Identity and Social Justice
Rossier School of Education,Center for Empowered Learning and Development with Technology,Center for Empowered Learning and Development with Technology
Rossier School of Education,Center for Engagement-Driven Global Education,Center for Engagement-?Driven Global Education
Rossier School of Education,"Center for Enrollment Research, Policy and Practice",Center for Enrollment Research Policy and Practice
Rossier School of Education,"Center on Education Policy, Equity and Governance",Center on Education Policy Equity and Governance
Rossier School of Education,Phd in Urban Education Program,Urban Education Policy
Rossier School of Education,Pullias Center for Higher Education,Pullias Center
Rossier School of Education,Race and Equity Center,Race (&|and) Equity Center|Center for Race (&|and) Equity
School of Architecture,Architecture + Advocacy,Architecture \\+ Advocacy
School of Architecture,Center For City Design,Center For City Design
School of Architecture,Human-Building Integration Lab,Human-?Building Integration Lab
School of Architecture,Landscape Futures Lab,Landscape Futures Lab
School of Architecture,Landscape Justice Initiative,Landscape Justice Initiative
School of Architecture,Ordinary Urbanism Research Lab,Ordinary Urbanism Research Lab
School of Cinematic Arts,Business of Cinematic Arts,Business of Cinematic Arts
School of Cinematic Arts,Change Making Media Lab (CMML),Change Making Media Lab
School of Cinematic Arts,Cinema and Media Studies,Cinema (&|and) Media Studies
School of Cinematic Arts,Creative Media and Behavioral Health Center,Creative Media and Behavioral Health Center
School of Cinematic Arts,DADA Research Lab,DADA Research Lab
School of Cinematic Arts,Emergent Cities Research Group,Emergent Cities
School of Cinematic Arts,Entertainment Technology Center,Entertainment Technology Center
School of Cinematic Arts,Expanded Animation,Expanded Animation
School of Cinematic Arts,Film and Television Production,Film (&|and) Television Production
School of Cinematic Arts,Game Innovation Lab,Game Innovation Lab
School of Cinematic Arts,Immersive Media Lab,Immersive Media Lab
School of Cinematic Arts,Interactive Media and Games Division,Interactive Media (&|and) Games Division
School of Cinematic Arts,John C. Hench Division of Animation + Digital Arts,Division of Animation \\+ Digital Arts|Animation and Digital Arts
School of Cinematic Arts,John Wells Division of Writing for Screen and Television,Writing for Screen (&|and) Television
School of Cinematic Arts,Media Arts + Practice Division,(Media Arts \\+ Practice|Center for Spatial Perception and Concrete Experience|Media Arts and Practice)
School of Cinematic Arts,Mobile and Environmental Media Lab,Mobile and Environmental Media Lab
School of Cinematic Arts,MxR Lab and MxR Studio,MxR (Lab|Studio)
School of Cinematic Arts,Peter Stark Producing Program,Peter Stark Producing Program
School of Cinematic Arts,Scalar Lab,Scalar Lab
School of Cinematic Arts,Situation Lab,Situation Lab
School of Cinematic Arts,World Building Media Lab,World Building Media Lab
Suzanne Dworak-Peck School of Social Work,Adult Mental Health and Wellness,Adult Mental Health (&|and) Wellness
Suzanne Dworak-Peck School of Social Work,"Center for Homelessness, Housing, and Health Equity Research",Center for Homelessness Housing and Health Equity Research
Suzanne Dworak-Peck School of Social Work,Center for Innovation and Research on Veterans and Military Families,Center for Innovation and Research on Veterans (&|and) Military Families
Suzanne Dworak-Peck School of Social Work,Center for LGBTQ+ Health Equity,Center for LGBTQ+ Health Equity
Suzanne Dworak-Peck School of Social Work,"Children, Youth and Families",Department of Children Youth and Families
Suzanne Dworak-Peck School of Social Work,Children's Data Network,"Children['’]{0,1}s Data Network"
Suzanne Dworak-Peck School of Social Work,Edward R. Roybal Institute on Aging,Roybal Institute on Aging
Suzanne Dworak-Peck School of Social Work,Enhanced Interdisciplinary Research Training Institute,Interdisciplinary Research Training Institute on Hispanic Drug Abuse
Suzanne Dworak-Peck School of Social Work,Hamovitch Research Center,Hamovitch Center for Science in the Human Services|Hamovitch Research Center
Suzanne Dworak-Peck School of Social Work,Nursing,Department of Nursing
Suzanne Dworak-Peck School of Social Work,Social Change and Innovation,Social Change and Innovation
Suzanne Dworak-Peck School of Social Work,Social Work,Department of Social Work
Thornton School of Music,Music Teaching and Learning,Music Teaching (and )?Learning
University Relations,Neighborhood Academic Initiative,Neighborhood Academic Initiative
USC Office of Research and Innovation,Office of Research and Innovation,Office of Research Advancement
Viterbi School of Engineering,Aerospace and Mechanical Engineering,Aerospace (&|and) Mechanical Engineering|Mechanical Engineering
Viterbi School of Engineering,Airbus Institute for Engineering Research (AIER),Airbus Institute for Engineering Research
Viterbi School of Engineering,Arid Climate and Water Research Center (AWARE),Arid Climate and Water Research Center
Viterbi School of Engineering,Artificial Intelligence for Social Good,Artificial Intelligence for Social Good
Viterbi School of Engineering,Astronautical Engineering,Astronautical Engineering
Viterbi School of Engineering,Biomedical Engineering,Biomedical Engineering|Biomedical Microsystem Lab
Viterbi School of Engineering,Biomimicry for Synthesis of Smart Textiles,Biomimicry for Synthesis of Smart Textiles
Viterbi School of Engineering,Center for Advanced Manufacturing (CAM),Center for Advanced Manufacturing
Viterbi School of Engineering,Center for Computational Modeling of Cancer (CCMC),Center for Computational Modeling of Cancer
Viterbi School of Engineering,Center for Cyber-Physical Systems and the Internet of Things (CCI),Center for Cyber-?Physical Systems and the Internet of Things
Viterbi School of Engineering,Center for Human-Applied Reasoning and the Internet of Things (CHARIOT),Center for Human-?Applied Reasoning and the Internet of Things
Viterbi School of Engineering,Center for Immunoengineering,Center for Immunoengineering
Viterbi School of Engineering,Center for Integrated Electronic and Biological Organisms (CIEBOrg),Center for Integrated Electronic and Biological Organisms
Viterbi School of Engineering,Center for Intelligent Environments (CENTIENTS),Center for Intelligent Environments
Viterbi School of Engineering,Center for Neural Engineering,Center of Neural Engineering
Viterbi School of Engineering,Center for Peptide and Protein Engineering (CPPE),Center for Peptide and Protein Engineering
Viterbi School of Engineering,Center for Systems and Control (CSC),Center for Systems and Control
Viterbi School of Engineering,Center for Systems and Software Engineering,Center for Systems and Software Engineering
Viterbi School of Engineering,Center of Machine Learning (MaSCle),Center of Machine Learning
Viterbi School of Engineering,Collaboratory for Advanced Computing and Simulations,Collaboratory for Advanced Computing and Simulations
Viterbi School of Engineering,Computer Science,Computer Science
Viterbi School of Engineering,Engineering Education,Engineering Education
Viterbi School of Engineering,Engineering in Society Program,Engineering in Society Program
Viterbi School of Engineering,Foundation for Cross-Connection Control and Hydraulic Research (FCCCHR),Cross-?Connection Control and Hydraulic Research
Viterbi School of Engineering,GamePipe Lab,GamePipe Lab
Viterbi School of Engineering,Gill Foundation Composites Center,Composites Center
Viterbi School of Engineering,Impact Lab,Impact Lab
Viterbi School of Engineering,Industrial and Systems Engineering,Industrial (&|and) Systems Engineering|Daniel J\. Epstein Institute|Operations Research Engineering
Viterbi School of Engineering,Information Sciences Institute,Information Sciences? Institute|Space Engineering Research Center|Quantum Computing Center
Viterbi School of Engineering,Information Technology Program,Information Technology Program
Viterbi School of Engineering,Institute for Creative Technologies,Center for Body Computing|Mixed Reality Lab|Medical Virtual Reality|Affective Computing|Learning Sciences|Modeling & Simulation|Dialogue Group|Narrative Group|Vision & Graphics Lab|Central Architecture Research & Development|Social Simulation|Cognitive Architecture|Institute for Creative Technologies
Viterbi School of Engineering,Institute for Future of Computing,Institute for Future of Computing
Viterbi School of Engineering,Integrated Media Systems Center,Integrated Media Systems Center
Viterbi School of Engineering,Materials Genome Innovation for Computational Software Center,Materials Genome Innovation for Computational Software
Viterbi School of Engineering,Media Communications Lab,Media Communications Lab
Viterbi School of Engineering,Electrical and Computer Engineering,Electrical (&|and) Computer Engineering|Microwave Systems Sensors and Imaging Lab|Ming Hsieh|Electrical Engineering|Wireless Devices and Systems Group|ECE
Viterbi School of Engineering,Chemical Engineering and Materials Science,Chemical Engineering (&|and) Materials? Science|Petroleum Engineering|Mork Family|Chemical Engineering
Viterbi School of Engineering,Pratt and Whitney Institute for Collaborative Engineering,Pratt (&|and) Whitney Institute for Collaborative Engineering
Viterbi School of Engineering,Robotics and Autonomous Systems Center (RASC),(Robotic Embedded Systems Lab|Interaction Lab|CIBORG Lab|Robotics and Autonomous Systems Center|Signal Analysis and Interpretation Lab)
Viterbi School of Engineering,Signal and Information Processing Institute (SIPI),Signal and Image Processing Institute
Viterbi School of Engineering,Civil and Environmental Engineering,Civil and Environmental Engineering|Sonny Astani|of Civil Engineering
Viterbi School of Engineering,USC-Chevron Center for Interactive Smart Oilfield Technologies (CiSoft),Center for Interactive Smart Oilfield Technologies|CiSoft
Viterbi School of Engineering,Western Research Applications Center,Western Research Applications Center|WESRAC
Keck Medicine of USC,Alzheimer Disease Research Center,Alzheimer['’]?s? Disease Research Center
Leonard Davis School of Gerontology,Alzheimer Disease Research Center,Alzheimer['’]?s? Disease Research Center
Suzanne Dworak-Peck School of Social Work,Center for Artificial Intelligence in Society (CAIS),Center for (AI|Artificial Intelligence) in Society
Viterbi School of Engineering,Center for Artificial Intelligence in Society (CAIS),Center for (AI|Artificial Intelligence) in Society
Dornsife College of Letters Arts and Sciences,Center for Law and Philosophy,Center for Law and Philosophy
Gould School of Law,Center for Law and Philosophy,Center for Law and Philosophy
Dornsife College of Letters Arts and Sciences,Center for Law and Social Science,Center for Law and Social Science
Gould School of Law,Center for Law and Social Science,Center for Law and Social Science
Dornsife College of Letters Arts and Sciences,"Center for Law, History and Culture",Center for Law History and Culture
Gould School of Law,"Center for Law, History and Culture",Center for Law History and Culture
Viterbi School of Engineering,Center for Quantum Information Science and Technology (CQIST),Center for Quantum Information Science (&|and) Technology
Dornsife College of Letters Arts and Sciences,Center for Quantum Information Science and Technology (CQIST),Center for Quantum Information Science (&|and) Technology
Price School of Public Policy,Center for Risk and Economic Analysis of Threats and Emergencies (CREATE),Center for Risk and Economic Analysis of Terrorism Events|Center for Risk and Economic Analysis of Threats and Emergencies
Viterbi School of Engineering,Center for Risk and Economic Analysis of Threats and Emergencies (CREATE),Center for Risk and Economic Analysis of Terrorism Events|Center for Risk and Economic Analysis of Threats and Emergencies
Annenberg School for Communication and Journalism,Center on Public Diplomacy,Center (for|on) Public Diplomacy
Dornsife College of Letters Arts and Sciences,Center on Public Diplomacy,Center (for|on) Public Diplomacy
Dornsife College of Letters Arts and Sciences,Core Center of Excellence in Nano Imaging (CNI),Core Center of Excellence in Nano Imaging
Viterbi School of Engineering,Core Center of Excellence in Nano Imaging (CNI),Core Center of Excellence in Nano Imaging
Dornsife College of Letters Arts and Sciences,Dornsife/Viterbi Machine Shop,(Dornsife|Viterbi) Machine Shop
Viterbi School of Engineering,Dornsife/Viterbi Machine Shop,(Dornsife|Viterbi) Machine Shop
Keck Medicine of USC,Image Processing and Informatics Lab,(Image Processing and Informatics Lab|IPILab)
Viterbi School of Engineering,Image Processing and Informatics Lab,(Image Processing and Informatics Lab|IPILab)
Suzanne Dworak-Peck School of Social Work,Institute for Addiction Science (IAS),Institute for Addiction Science
Keck Medicine of USC,Institute for Addiction Science (IAS),Institute for Addiction Science
Alfred E. Mann School of Pharmacy and Pharmaceutical Sciences,Leonard D. Schaeffer Center for Health Policy and Economics,Schae?ffer Center for Health Policy (&|and) Economics|Schae?ffer Center
Price School of Public Policy,Leonard D. Schaeffer Center for Health Policy and Economics,Schae?ffer Center for Health Policy (&|and) Economics|Schae?ffer Center
Alfred E. Mann School of Pharmacy and Pharmaceutical Sciences,Southern California Clinical and Translational Science Institute (SC CTSI),Southern California Clinical and Translational (Science )?Institute
Keck Medicine of USC,Southern California Clinical and Translational Science Institute (SC CTSI),Southern California Clinical and Translational (Science )?Institute
Herman Ostrow School of Dentistry of USC,Division of Biokinesiology and Physical Therapy,Division of Biokinesiology
Herman Ostrow School of Dentistry of USC,Chan Division of Occupational Science and Occupational Therapy,Chan Division
Leventhal School of Accounting,Leventhal School of Accounting,Leventhal School of Accounting
Dornsife College of Letters Arts and Sciences,Thematic Option Program,Thematic Option
Marshall School of Business,Technology Commercialization,Technology Commercialization
Dornsife College of Letters Arts and Sciences,Science and Technology Studies,Science and Technology Studies
